Threads,Time_s
4,26.705110892
8,15.746307686
16,12.644733374
