Threads,Time_ns
4,44.130856019
8,26.929279594
16,17.867562992
32,12.621583571
64,11.243286411
128,22.692239428
