Threads,Time
[1],[s]
1,289.78013012
2,167.728885369
4,101.710236374
8,62.295408277
16,42.730205497
